[
    {
        "pk": 1, 
        "model": "cms.placeholder", 
        "fields": {
            "slot": "right_column", 
            "default_width": null
        }
    }, 
    {
        "pk": 2, 
        "model": "cms.placeholder", 
        "fields": {
            "slot": "main_column", 
            "default_width": null
        }
    }, 
    {
        "pk": 3, 
        "model": "cms.placeholder", 
        "fields": {
            "slot": "right_column", 
            "default_width": null
        }
    }, 
    {
        "pk": 4, 
        "model": "cms.placeholder", 
        "fields": {
            "slot": "main_column", 
            "default_width": null
        }
    }, 
    {
        "pk": 7, 
        "model": "cms.placeholder", 
        "fields": {
            "slot": "right_column", 
            "default_width": null
        }
    }, 
    {
        "pk": 8, 
        "model": "cms.placeholder", 
        "fields": {
            "slot": "main_column", 
            "default_width": null
        }
    }, 
    {
        "pk": 9, 
        "model": "cms.placeholder", 
        "fields": {
            "slot": "right_column", 
            "default_width": null
        }
    }, 
    {
        "pk": 10, 
        "model": "cms.placeholder", 
        "fields": {
            "slot": "main_column", 
            "default_width": null
        }
    }, 
    {
        "pk": 11, 
        "model": "cms.placeholder", 
        "fields": {
            "slot": "right_column", 
            "default_width": null
        }
    }, 
    {
        "pk": 12, 
        "model": "cms.placeholder", 
        "fields": {
            "slot": "main_column", 
            "default_width": null
        }
    }, 
    {
        "pk": 13, 
        "model": "cms.placeholder", 
        "fields": {
            "slot": "right_column", 
            "default_width": null
        }
    }, 
    {
        "pk": 14, 
        "model": "cms.placeholder", 
        "fields": {
            "slot": "main_column", 
            "default_width": null
        }
    }, 
    {
        "pk": 15, 
        "model": "cms.placeholder", 
        "fields": {
            "slot": "right_column", 
            "default_width": null
        }
    }, 
    {
        "pk": 16, 
        "model": "cms.placeholder", 
        "fields": {
            "slot": "main_column", 
            "default_width": null
        }
    }, 
    {
        "pk": 17, 
        "model": "cms.placeholder", 
        "fields": {
            "slot": "content_header", 
            "default_width": null
        }
    }, 
    {
        "pk": 19, 
        "model": "cms.placeholder", 
        "fields": {
            "slot": "content_header", 
            "default_width": null
        }
    }, 
    {
        "pk": 20, 
        "model": "cms.placeholder", 
        "fields": {
            "slot": "content_header", 
            "default_width": null
        }
    }, 
    {
        "pk": 21, 
        "model": "cms.placeholder", 
        "fields": {
            "slot": "content_header", 
            "default_width": null
        }
    }, 
    {
        "pk": 22, 
        "model": "cms.placeholder", 
        "fields": {
            "slot": "content_header", 
            "default_width": null
        }
    }, 
    {
        "pk": 1, 
        "model": "cms.cmsplugin", 
        "fields": {
            "rght": 2, 
            "parent": null, 
            "language": "de", 
            "level": 0, 
            "creation_date": "2011-04-21 12:11:17", 
            "lft": 1, 
            "tree_id": 1, 
            "position": 0, 
            "placeholder": 4, 
            "plugin_type": "TextPlugin"
        }
    }, 
    {
        "pk": 2, 
        "model": "cms.cmsplugin", 
        "fields": {
            "rght": 2, 
            "parent": null, 
            "language": "en", 
            "level": 0, 
            "creation_date": "2011-04-21 12:25:14", 
            "lft": 1, 
            "tree_id": 2, 
            "position": 0, 
            "placeholder": 4, 
            "plugin_type": "TextPlugin"
        }
    }, 
    {
        "pk": 3, 
        "model": "cms.cmsplugin", 
        "fields": {
            "rght": 2, 
            "parent": null, 
            "language": "de", 
            "level": 0, 
            "creation_date": "2011-04-21 12:26:56", 
            "lft": 1, 
            "tree_id": 3, 
            "position": 0, 
            "placeholder": 2, 
            "plugin_type": "TextPlugin"
        }
    }, 
    {
        "pk": 4, 
        "model": "cms.cmsplugin", 
        "fields": {
            "rght": 2, 
            "parent": null, 
            "language": "en", 
            "level": 0, 
            "creation_date": "2011-04-21 12:26:56", 
            "lft": 1, 
            "tree_id": 4, 
            "position": 0, 
            "placeholder": 2, 
            "plugin_type": "TextPlugin"
        }
    }, 
    {
        "pk": 5, 
        "model": "cms.cmsplugin", 
        "fields": {
            "rght": 2, 
            "parent": null, 
            "language": "de", 
            "level": 0, 
            "creation_date": "2011-04-21 12:28:10", 
            "lft": 1, 
            "tree_id": 5, 
            "position": 0, 
            "placeholder": 14, 
            "plugin_type": "TextPlugin"
        }
    }, 
    {
        "pk": 6, 
        "model": "cms.cmsplugin", 
        "fields": {
            "rght": 2, 
            "parent": null, 
            "language": "en", 
            "level": 0, 
            "creation_date": "2011-04-21 12:28:10", 
            "lft": 1, 
            "tree_id": 6, 
            "position": 0, 
            "placeholder": 14, 
            "plugin_type": "TextPlugin"
        }
    }, 
    {
        "pk": 7, 
        "model": "cms.cmsplugin", 
        "fields": {
            "rght": 2, 
            "parent": null, 
            "language": "de", 
            "level": 0, 
            "creation_date": "2011-04-21 12:28:46", 
            "lft": 1, 
            "tree_id": 7, 
            "position": 0, 
            "placeholder": 16, 
            "plugin_type": "TextPlugin"
        }
    }, 
    {
        "pk": 8, 
        "model": "cms.cmsplugin", 
        "fields": {
            "rght": 2, 
            "parent": null, 
            "language": "en", 
            "level": 0, 
            "creation_date": "2011-04-21 12:28:46", 
            "lft": 1, 
            "tree_id": 8, 
            "position": 0, 
            "placeholder": 16, 
            "plugin_type": "TextPlugin"
        }
    }, 
    {
        "pk": 2, 
        "model": "cms.page", 
        "fields": {
            "rght": 2, 
            "navigation_extenders": "", 
            "site": 1, 
            "creation_date": "2011-04-21 12:11:10", 
            "lft": 1, 
            "in_navigation": true, 
            "reverse_id": null, 
            "login_required": false, 
            "created_by": "phil", 
            "publication_end_date": null, 
            "moderator_state": 0, 
            "template": "cms_base.html", 
            "tree_id": 3, 
            "placeholders": [
                3, 
                4, 
                19
            ], 
            "limit_visibility_in_menu": null, 
            "parent": null, 
            "publisher_state": 1, 
            "soft_root": false, 
            "publication_date": "2011-04-21 12:13:21", 
            "publisher_public": null, 
            "level": 0, 
            "changed_by": "phil", 
            "publisher_is_draft": true, 
            "published": true
        }
    }, 
    {
        "pk": 1, 
        "model": "cms.page", 
        "fields": {
            "rght": 2, 
            "navigation_extenders": "", 
            "site": 1, 
            "creation_date": "2011-04-21 10:33:25", 
            "lft": 1, 
            "in_navigation": true, 
            "reverse_id": null, 
            "login_required": false, 
            "created_by": "script", 
            "publication_end_date": null, 
            "moderator_state": 0, 
            "template": "cms_base.html", 
            "tree_id": 4, 
            "placeholders": [
                1, 
                2, 
                20
            ], 
            "limit_visibility_in_menu": null, 
            "parent": null, 
            "publisher_state": 1, 
            "soft_root": false, 
            "publication_date": "2011-04-21 11:34:49", 
            "publisher_public": null, 
            "level": 0, 
            "changed_by": "phil", 
            "publisher_is_draft": true, 
            "published": true
        }
    }, 
    {
        "pk": 7, 
        "model": "cms.page", 
        "fields": {
            "rght": 2, 
            "navigation_extenders": "", 
            "site": 1, 
            "creation_date": "2011-04-21 12:15:52", 
            "lft": 1, 
            "in_navigation": true, 
            "reverse_id": null, 
            "login_required": false, 
            "created_by": "phil", 
            "publication_end_date": null, 
            "moderator_state": 0, 
            "template": "INHERIT", 
            "tree_id": 5, 
            "placeholders": [
                13, 
                14, 
                21
            ], 
            "limit_visibility_in_menu": null, 
            "parent": null, 
            "publisher_state": 1, 
            "soft_root": false, 
            "publication_date": "2011-04-21 12:17:58", 
            "publisher_public": null, 
            "level": 0, 
            "changed_by": "phil", 
            "publisher_is_draft": true, 
            "published": true
        }
    }, 
    {
        "pk": 8, 
        "model": "cms.page", 
        "fields": {
            "rght": 2, 
            "navigation_extenders": "", 
            "site": 1, 
            "creation_date": "2011-04-21 12:16:16", 
            "lft": 1, 
            "in_navigation": true, 
            "reverse_id": null, 
            "login_required": false, 
            "created_by": "phil", 
            "publication_end_date": null, 
            "moderator_state": 0, 
            "template": "INHERIT", 
            "tree_id": 6, 
            "placeholders": [
                15, 
                16, 
                17
            ], 
            "limit_visibility_in_menu": null, 
            "parent": null, 
            "publisher_state": 1, 
            "soft_root": false, 
            "publication_date": "2011-04-21 12:17:59", 
            "publisher_public": null, 
            "level": 0, 
            "changed_by": "phil", 
            "publisher_is_draft": true, 
            "published": true
        }
    }, 
    {
        "pk": 4, 
        "model": "cms.page", 
        "fields": {
            "rght": 6, 
            "navigation_extenders": "", 
            "site": 1, 
            "creation_date": "2011-04-21 12:12:51", 
            "lft": 1, 
            "in_navigation": false, 
            "reverse_id": null, 
            "login_required": false, 
            "created_by": "phil", 
            "publication_end_date": null, 
            "moderator_state": 1, 
            "template": "cms_base.html", 
            "tree_id": 8, 
            "placeholders": [
                7, 
                8, 
                22
            ], 
            "limit_visibility_in_menu": null, 
            "parent": null, 
            "publisher_state": 1, 
            "soft_root": false, 
            "publication_date": "2011-04-21 12:13:15", 
            "publisher_public": null, 
            "level": 0, 
            "changed_by": "phil", 
            "publisher_is_draft": true, 
            "published": true
        }
    }, 
    {
        "pk": 5, 
        "model": "cms.page", 
        "fields": {
            "rght": 3, 
            "navigation_extenders": "", 
            "site": 1, 
            "creation_date": "2011-04-21 12:13:06", 
            "lft": 2, 
            "in_navigation": true, 
            "reverse_id": null, 
            "login_required": false, 
            "created_by": "phil", 
            "publication_end_date": null, 
            "moderator_state": 0, 
            "template": "INHERIT", 
            "tree_id": 8, 
            "placeholders": [
                9, 
                10
            ], 
            "limit_visibility_in_menu": null, 
            "parent": 4, 
            "publisher_state": 1, 
            "soft_root": false, 
            "publication_date": "2011-04-21 12:13:26", 
            "publisher_public": null, 
            "level": 1, 
            "changed_by": "phil", 
            "publisher_is_draft": true, 
            "published": true
        }
    }, 
    {
        "pk": 6, 
        "model": "cms.page", 
        "fields": {
            "rght": 5, 
            "navigation_extenders": "", 
            "site": 1, 
            "creation_date": "2011-04-21 12:14:01", 
            "lft": 4, 
            "in_navigation": true, 
            "reverse_id": null, 
            "login_required": false, 
            "created_by": "phil", 
            "publication_end_date": null, 
            "moderator_state": 0, 
            "template": "INHERIT", 
            "tree_id": 8, 
            "placeholders": [
                11, 
                12
            ], 
            "limit_visibility_in_menu": null, 
            "parent": 4, 
            "publisher_state": 1, 
            "soft_root": false, 
            "publication_date": "2011-04-21 12:14:07", 
            "publisher_public": null, 
            "level": 1, 
            "changed_by": "phil", 
            "publisher_is_draft": true, 
            "published": true
        }
    }, 
    {
        "pk": 1, 
        "model": "cms.title", 
        "fields": {
            "menu_title": "", 
            "redirect": "", 
            "meta_keywords": "", 
            "page_title": "", 
            "language": "de", 
            "title": "BIO-TECH", 
            "has_url_overwrite": false, 
            "application_urls": "", 
            "creation_date": "2011-04-21 10:33:25", 
            "page": 1, 
            "path": "biotech", 
            "meta_description": "", 
            "slug": "biotech"
        }
    }, 
    {
        "pk": 2, 
        "model": "cms.title", 
        "fields": {
            "menu_title": "", 
            "redirect": "", 
            "meta_keywords": "", 
            "page_title": "", 
            "language": "de", 
            "title": "Home", 
            "has_url_overwrite": false, 
            "application_urls": "", 
            "creation_date": "2011-04-21 12:11:10", 
            "page": 2, 
            "path": "home", 
            "meta_description": "", 
            "slug": "home"
        }
    }, 
    {
        "pk": 4, 
        "model": "cms.title", 
        "fields": {
            "menu_title": "", 
            "redirect": "", 
            "meta_keywords": "", 
            "page_title": "", 
            "language": "de", 
            "title": "legal", 
            "has_url_overwrite": false, 
            "application_urls": "", 
            "creation_date": "2011-04-21 12:12:51", 
            "page": 4, 
            "path": "legal", 
            "meta_description": "", 
            "slug": "legal"
        }
    }, 
    {
        "pk": 5, 
        "model": "cms.title", 
        "fields": {
            "menu_title": null, 
            "redirect": null, 
            "meta_keywords": null, 
            "page_title": null, 
            "language": "de", 
            "title": "Impressum", 
            "has_url_overwrite": false, 
            "application_urls": null, 
            "creation_date": "2011-04-21 12:13:06", 
            "page": 5, 
            "path": "legal/impressum", 
            "meta_description": null, 
            "slug": "impressum"
        }
    }, 
    {
        "pk": 6, 
        "model": "cms.title", 
        "fields": {
            "menu_title": null, 
            "redirect": null, 
            "meta_keywords": null, 
            "page_title": null, 
            "language": "de", 
            "title": "AGB", 
            "has_url_overwrite": false, 
            "application_urls": null, 
            "creation_date": "2011-04-21 12:14:01", 
            "page": 6, 
            "path": "legal/agb", 
            "meta_description": null, 
            "slug": "agb"
        }
    }, 
    {
        "pk": 7, 
        "model": "cms.title", 
        "fields": {
            "menu_title": "", 
            "redirect": "", 
            "meta_keywords": "", 
            "page_title": "", 
            "language": "de", 
            "title": "Kontakt", 
            "has_url_overwrite": false, 
            "application_urls": "", 
            "creation_date": "2011-04-21 12:15:52", 
            "page": 7, 
            "path": "kontakt", 
            "meta_description": "", 
            "slug": "kontakt"
        }
    }, 
    {
        "pk": 8, 
        "model": "cms.title", 
        "fields": {
            "menu_title": "", 
            "redirect": "", 
            "meta_keywords": "", 
            "page_title": "", 
            "language": "de", 
            "title": "Das System", 
            "has_url_overwrite": false, 
            "application_urls": "", 
            "creation_date": "2011-04-21 12:16:16", 
            "page": 8, 
            "path": "das-system", 
            "meta_description": "", 
            "slug": "das-system"
        }
    }, 
    {
        "pk": 9, 
        "model": "cms.title", 
        "fields": {
            "menu_title": "", 
            "redirect": "", 
            "meta_keywords": "", 
            "page_title": "", 
            "language": "en", 
            "title": "home", 
            "has_url_overwrite": false, 
            "application_urls": "", 
            "creation_date": "2011-04-21 12:25:23", 
            "page": 2, 
            "path": "home", 
            "meta_description": "", 
            "slug": "home"
        }
    }, 
    {
        "pk": 10, 
        "model": "cms.title", 
        "fields": {
            "menu_title": "", 
            "redirect": "", 
            "meta_keywords": "", 
            "page_title": "", 
            "language": "en", 
            "title": "Bio-Tech", 
            "has_url_overwrite": false, 
            "application_urls": "", 
            "creation_date": "2011-04-21 12:27:53", 
            "page": 1, 
            "path": "bio-tech", 
            "meta_description": "", 
            "slug": "bio-tech"
        }
    }, 
    {
        "pk": 11, 
        "model": "cms.title", 
        "fields": {
            "menu_title": "", 
            "redirect": "", 
            "meta_keywords": "", 
            "page_title": "", 
            "language": "en", 
            "title": "Contact", 
            "has_url_overwrite": false, 
            "application_urls": "", 
            "creation_date": "2011-04-21 12:28:38", 
            "page": 7, 
            "path": "contact", 
            "meta_description": "", 
            "slug": "contact"
        }
    }, 
    {
        "pk": 12, 
        "model": "cms.title", 
        "fields": {
            "menu_title": "", 
            "redirect": "", 
            "meta_keywords": "", 
            "page_title": "", 
            "language": "en", 
            "title": "The System", 
            "has_url_overwrite": false, 
            "application_urls": "", 
            "creation_date": "2011-04-21 12:29:19", 
            "page": 8, 
            "path": "system", 
            "meta_description": "", 
            "slug": "system"
        }
    }, 
    {
        "pk": 1, 
        "model": "text.text", 
        "fields": {
            "body": "<h1>Test</h1>"
        }
    }, 
    {
        "pk": 2, 
        "model": "text.text", 
        "fields": {
            "body": "<p>sdfsdf</p>"
        }
    }, 
    {
        "pk": 3, 
        "model": "text.text", 
        "fields": {
            "body": "<h1>BIO-TECH</h1>"
        }
    }, 
    {
        "pk": 4, 
        "model": "text.text", 
        "fields": {
            "body": "<h1>BIO-TECH</h1>"
        }
    }, 
    {
        "pk": 5, 
        "model": "text.text", 
        "fields": {
            "body": "<h1>Kontakt</h1>"
        }
    }, 
    {
        "pk": 6, 
        "model": "text.text", 
        "fields": {
            "body": "<h1>Kontakt</h1>"
        }
    }, 
    {
        "pk": 7, 
        "model": "text.text", 
        "fields": {
            "body": "<h1>Das System</h1>"
        }
    }, 
    {
        "pk": 8, 
        "model": "text.text", 
        "fields": {
            "body": "<h1>Das System</h1>"
        }
    }, 
    {
        "pk": 1, 
        "model": "menus.cachekey", 
        "fields": {
            "key": "cms-menu_nodes_en_1", 
            "site": 1, 
            "language": "en"
        }
    }
]